 {"bmi":20.0,"bmi_per":0.9974921759769892,"hc_per":null,"wfa_per":0.9393368492353695,"lfa_per":0.2764208984944399}